Title,Description,Full Text,Image,Token Used
Quest-ce que lassistance 0 km ?,L'assistance 0 km est un service qui permet aux conducteurs de bénéficier d'une aide en cas de panne ou d'accident. Ce service est souvent inclus dans les contrats d'assurance automobile.,"L'assistance 0 km est une forme d'aide fournie aux automobilistes par les constructeurs automobiles. Elle consiste en un service de dépannage et de remorquage gratuits pour les véhicules en panne ou accidentés. Les constructeurs proposent souvent ce service aux acheteurs de voitures neuves, mais il est également possible de souscrire une assurance 0 km auprès des compagnies d'assurance.
<h2>Une garantie salvatrice</h2>

Les assureurs auto peuvent refuser de dépanner les clients en panne à moins de 50 km de leur domicile. Cela peut être très frustrant lorsque vous êtes en panne et que vous ne pouvez pas obtenir l'aide dont vous avez besoin. Heureusement, certaines compagnies d'assurance proposent une garantie optionnelle appelée ""assistance 0 km"" qui permet d'obtenir une assistance immédiate, quel que soit le lieu du sinistre auto. Cette garantie signe l'abolition de la franchise kilométrique et permet aux clients de bénéficier d'une assistance dans les meilleurs délais, quelle que soit leur situation. Les clients peuvent comparer les différentes assurances auto afin de trouver celle qui leur convient le mieux.
<h2>La prise en charge</h2>

L'assistance 0 km est une prestation qui permet de prendre en charge les frais liés à un accident, une panne mécanique, une crevaison, un vol ou un incendie. Elle peut être souscrite auprès d'une compagnie d'assurance ou d'un organisme spécialisé.

Plusieurs types d'assistance existent, notamment l'assistance au conducteur, l'assistance au véhicule et l'assistance aux passagers. L'assistance au conducteur permet de bénéficier d'un dépannage en cas de panne mécanique ou de carburant. L'assistance au véhicule prend en charge les frais de remorquage et de réparation du véhicule. Enfin, l'assistance aux passagers permet de bénéficier d'un transport en cas d'accident ou de panne du véhicule.

En choisissant l'option d'assistance 0 km, l'assuré est généralement couvert contre les accidents, les pannes mécaniques, les pannes de carburant, les crevaisons, les vols et les incendies. La compagnie d'assurance peut missionner un dépanneur, un taxi ou un véhicule de remplacement le temps des réparations du véhicule.
<h2>En résumé</h2>
L'assistance 0 km est un service de voiture qui consiste à transporter les clients d'un point A à un point B sans frais. Ce service est particulièrement utile pour les personnes qui ne peuvent pas se déplacer par leurs propres moyens ou qui ne veulent pas payer des frais de transport.

<h2>Vidéo sur le sujet</h2>
https://www.youtube.com/watch?v=3XqM8AdY7Ks",,2850
Quest-ce que lassistance 0 km ?,L'assistance 0 km est un service qui permet aux conducteurs de bénéficier d'une aide en cas de panne ou d'accident. Ce service est souvent inclus dans les contrats d'assurance automobile.,"L'assistance 0 km est une forme d'aide fournie aux automobilistes par les constructeurs automobiles. Elle consiste en un service de dépannage et de remorquage gratuits pour les véhicules en panne ou accidentés. Les constructeurs proposent souvent ce service aux acheteurs de voitures neuves, mais il est également possible de souscrire une assurance 0 km auprès des compagnies d'assurance.
<h2>Une garantie salvatrice</h2>

Les assureurs auto peuvent refuser de dépanner les clients en panne à moins de 50 km de leur domicile. Cela peut être très frustrant lorsque vous êtes en panne et que vous ne pouvez pas obtenir l'aide dont vous avez besoin. Heureusement, certaines compagnies d'assurance proposent une garantie optionnelle appelée ""assistance 0 km"" qui permet d'obtenir une assistance immédiate, quel que soit le lieu du sinistre auto. Cette garantie signe l'abolition de la franchise kilométrique et permet aux clients de bénéficier d'une assistance dans les meilleurs délais, quelle que soit leur situation. Les clients peuvent comparer les différentes assurances auto afin de trouver celle qui leur convient le mieux.
<h2>La prise en charge</h2>

L'assistance 0 km est une prestation qui permet de prendre en charge les frais liés à un accident, une panne mécanique, une crevaison, un vol ou un incendie. Elle peut être souscrite auprès d'une compagnie d'assurance ou d'un organisme spécialisé.

Plusieurs types d'assistance existent, notamment l'assistance au conducteur, l'assistance au véhicule et l'assistance aux passagers. L'assistance au conducteur permet de bénéficier d'un dépannage en cas de panne mécanique ou de carburant. L'assistance au véhicule prend en charge les frais de remorquage et de réparation du véhicule. Enfin, l'assistance aux passagers permet de bénéficier d'un transport en cas d'accident ou de panne du véhicule.

En choisissant l'option d'assistance 0 km, l'assuré est généralement couvert contre les accidents, les pannes mécaniques, les pannes de carburant, les crevaisons, les vols et les incendies. La compagnie d'assurance peut missionner un dépanneur, un taxi ou un véhicule de remplacement le temps des réparations du véhicule.
<h2>En résumé</h2>
L'assistance 0 km est un service de voiture qui consiste à transporter les clients d'un point A à un point B sans frais. Ce service est particulièrement utile pour les personnes qui ne peuvent pas se déplacer par leurs propres moyens ou qui ne veulent pas payer des frais de transport.

<h2>Vidéo sur le sujet</h2>
https://www.youtube.com/watch?v=3XqM8AdY7Ks",,2850
Comment obtenir un relevé dinformation ?,"Avoir un relevé d'information est important pour connaître son historique de crédit. Il existe plusieurs façons d'obtenir son relevé d'information, que ce soit en ligne, par la poste ou en personne.","Des relevés d'informations peuvent être nécessaires pour diverses raisons. Par exemple, vous pouvez avoir besoin d'un relevé bancaire pour justifier des dépenses professionnelles ou personnelles. Heureusement, il est facile d'obtenir un relevé d'informations de la plupart des institutions. Suivez simplement ces étapes et vous aurez ce dont vous avez besoin en un rien de temps.
<h2>Quest-ce que le relevé dinformation ?</h2>

Le relevé d'information est un document qui contient les données personnelles d'un individu. Ces données peuvent inclure le nom, l'adresse, le numéro de téléphone, l'historique de crédit et plus encore. Le relevé d'information est généralement utilisé par les entreprises pour effectuer des vérifications de crédit et de solvabilité.
<h3>Que contient le relevé dinformation ?</h3>

Le relevé d'information est un document qui contient toutes les informations importantes concernant votre contrat d'assurance auto. Il est important de le garder à jour et de le consulter régulièrement, afin de vous assurer que vous êtes toujours bien couverts. Parmi les informations contenues dans le relevé d'information, on retrouve : la date de souscription au contrat d'assurance auto, les conducteurs désignés (nom, prénom, coordonnées, numéro de permis de conduire et date d'obtention), les informations concernant le véhicule (numéro d'immatriculation, modèle, carburant, usage, date de mise en circulation), l'historique des sinistres auto du conducteur (accident de la route, incendie, vol, vandalisme, conduite en état d'ivresse, bris de glace, collision avec un animal sauvage) et la responsabilité du conducteur dans chacun des incidents. Enfin, le relevé d'information contient également des informations sur le bonus-malus du conducteur, c'est-à-dire son coefficient de réduction ou de majoration.
<h2>Comment obtenir le relevé dinformation ? Sous quel délai ?</h2>

Il est facile d'obtenir un relevé d'information. Vous pouvez le demander à votre banque ou en ligne. Le relevé d'information contient les détails de toutes les transactions effectuées sur votre compte. Vous pouvez le recevoir par courrier ou en ligne.
<h3>Quand demander le relevé à lassureur ?</h3>

Il est possible de demander un relevé d'information auprès de sa compagnie d'assurance, afin de connaître son profil en tant qu'assuré. Le relevé d'information est envoyé par voie postale, et il est possible de le demander par téléphone ou par courrier. La compagnie d'assurance ne peut pas refuser de fournir un relevé d'information. Le relevé d'information est directement envoyé au nouvel assureur si le changement d'assurance est effectué dans le cadre de la loi Hamon. Les démarches de résiliation d'assurance auto sont entièrement prises en charge par la nouvelle compagnie.
<h2>Modèle de lettre de demande de relevé dinformation</h2>

Il est important de demander un relevé d'informations avant de résilier ou de changer de contrat d'assurance auto. Cela vous aidera à garder une trace de votre historique avec une compagnie d'assurance et vous fournira des informations importantes si vous choisissez de changer de compagnie. Vous devrez fournir à votre nouvelle compagnie les détails suivants : la référence du contrat, le numéro d'immatriculation du véhicule, la date de résiliation ou de changement du contrat, le nom et l'adresse de la compagnie d'assurance, le numéro de téléphone et le fax de la compagnie d'assurance, le nom du titulaire du contrat et sa date de naissance. Ces renseignements permettront à votre nouvelle compagnie d'assurance de mieux vous servir et de s'assurer que vous êtes admissible à des tarifs préférentiels.
<h2>Un document indispensable pour changer dassurance auto</h2>

Le contrat d'assurance est un document indispensable lorsque vous souhaitez changer d'assurance auto. Ce document permet de transférer la couverture d'assurance de votre ancienne assurance à votre nouvelle assurance. Il est important de vérifier ce document avant de signer un nouveau contrat d'assurance afin de vous assurer que toutes les informations sont correctes.
<h3>Le relevé permet de calculer la cotisation</h3>

Le relevé d'information est un document légal qui regroupe tous les antécédents du conducteur. Il est particulièrement précieux pour connaître son coefficient bonus-malus, mais également ses sinistres précédents. Toutes ces informations sont importantes à renseigner lors d'une comparaison d'assurance auto pour obtenir des devis d'assurance auto sur mesure.
<h2>En résumé</h2>
Il existe plusieurs moyens d'obtenir un relevé d'information. On peut se renseigner auprès de sa banque, de sa compagnie d'assurances ou de la Caisse des Dépôts. Il est également possible de le demander directement à l'organisme concerné.

<h2>Vidéo sur le sujet</h2>
https://www.youtube.com/watch?v=-onOD3IgaLQ",,8347
Quest-ce que lassistance 0 km ?,L'assistance 0 km est un service qui permet aux conducteurs de bénéficier d'une aide en cas de panne ou d'accident. Ce service est souvent inclus dans les contrats d'assurance automobile.,"L'assistance 0 km est une forme d'aide fournie aux automobilistes par les constructeurs automobiles. Elle consiste en un service de dépannage et de remorquage gratuits pour les véhicules en panne ou accidentés. Les constructeurs proposent souvent ce service aux acheteurs de voitures neuves, mais il est également possible de souscrire une assurance 0 km auprès des compagnies d'assurance.
<h2>Une garantie salvatrice</h2>

Les assureurs auto peuvent refuser de dépanner les clients en panne à moins de 50 km de leur domicile. Cela peut être très frustrant lorsque vous êtes en panne et que vous ne pouvez pas obtenir l'aide dont vous avez besoin. Heureusement, certaines compagnies d'assurance proposent une garantie optionnelle appelée ""assistance 0 km"" qui permet d'obtenir une assistance immédiate, quel que soit le lieu du sinistre auto. Cette garantie signe l'abolition de la franchise kilométrique et permet aux clients de bénéficier d'une assistance dans les meilleurs délais, quelle que soit leur situation. Les clients peuvent comparer les différentes assurances auto afin de trouver celle qui leur convient le mieux.
<h2>La prise en charge</h2>

L'assistance 0 km est une prestation qui permet de prendre en charge les frais liés à un accident, une panne mécanique, une crevaison, un vol ou un incendie. Elle peut être souscrite auprès d'une compagnie d'assurance ou d'un organisme spécialisé.

Plusieurs types d'assistance existent, notamment l'assistance au conducteur, l'assistance au véhicule et l'assistance aux passagers. L'assistance au conducteur permet de bénéficier d'un dépannage en cas de panne mécanique ou de carburant. L'assistance au véhicule prend en charge les frais de remorquage et de réparation du véhicule. Enfin, l'assistance aux passagers permet de bénéficier d'un transport en cas d'accident ou de panne du véhicule.

En choisissant l'option d'assistance 0 km, l'assuré est généralement couvert contre les accidents, les pannes mécaniques, les pannes de carburant, les crevaisons, les vols et les incendies. La compagnie d'assurance peut missionner un dépanneur, un taxi ou un véhicule de remplacement le temps des réparations du véhicule.
<h2>En résumé</h2>
L'assistance 0 km est un service de voiture qui consiste à transporter les clients d'un point A à un point B sans frais. Ce service est particulièrement utile pour les personnes qui ne peuvent pas se déplacer par leurs propres moyens ou qui ne veulent pas payer des frais de transport.

<h2>Vidéo sur le sujet</h2>
https://www.youtube.com/watch?v=3XqM8AdY7Ks",,2850
Comment obtenir un relevé dinformation ?,"Avoir un relevé d'information est important pour connaître son historique de crédit. Il existe plusieurs façons d'obtenir son relevé d'information, que ce soit en ligne, par la poste ou en personne.","Des relevés d'informations peuvent être nécessaires pour diverses raisons. Par exemple, vous pouvez avoir besoin d'un relevé bancaire pour justifier des dépenses professionnelles ou personnelles. Heureusement, il est facile d'obtenir un relevé d'informations de la plupart des institutions. Suivez simplement ces étapes et vous aurez ce dont vous avez besoin en un rien de temps.
<h2>Quest-ce que le relevé dinformation ?</h2>

Le relevé d'information est un document qui contient les données personnelles d'un individu. Ces données peuvent inclure le nom, l'adresse, le numéro de téléphone, l'historique de crédit et plus encore. Le relevé d'information est généralement utilisé par les entreprises pour effectuer des vérifications de crédit et de solvabilité.
<h3>Que contient le relevé dinformation ?</h3>

Le relevé d'information est un document qui contient toutes les informations importantes concernant votre contrat d'assurance auto. Il est important de le garder à jour et de le consulter régulièrement, afin de vous assurer que vous êtes toujours bien couverts. Parmi les informations contenues dans le relevé d'information, on retrouve : la date de souscription au contrat d'assurance auto, les conducteurs désignés (nom, prénom, coordonnées, numéro de permis de conduire et date d'obtention), les informations concernant le véhicule (numéro d'immatriculation, modèle, carburant, usage, date de mise en circulation), l'historique des sinistres auto du conducteur (accident de la route, incendie, vol, vandalisme, conduite en état d'ivresse, bris de glace, collision avec un animal sauvage) et la responsabilité du conducteur dans chacun des incidents. Enfin, le relevé d'information contient également des informations sur le bonus-malus du conducteur, c'est-à-dire son coefficient de réduction ou de majoration.
<h2>Comment obtenir le relevé dinformation ? Sous quel délai ?</h2>

Il est facile d'obtenir un relevé d'information. Vous pouvez le demander à votre banque ou en ligne. Le relevé d'information contient les détails de toutes les transactions effectuées sur votre compte. Vous pouvez le recevoir par courrier ou en ligne.
<h3>Quand demander le relevé à lassureur ?</h3>

Il est possible de demander un relevé d'information auprès de sa compagnie d'assurance, afin de connaître son profil en tant qu'assuré. Le relevé d'information est envoyé par voie postale, et il est possible de le demander par téléphone ou par courrier. La compagnie d'assurance ne peut pas refuser de fournir un relevé d'information. Le relevé d'information est directement envoyé au nouvel assureur si le changement d'assurance est effectué dans le cadre de la loi Hamon. Les démarches de résiliation d'assurance auto sont entièrement prises en charge par la nouvelle compagnie.
<h2>Modèle de lettre de demande de relevé dinformation</h2>

Il est important de demander un relevé d'informations avant de résilier ou de changer de contrat d'assurance auto. Cela vous aidera à garder une trace de votre historique avec une compagnie d'assurance et vous fournira des informations importantes si vous choisissez de changer de compagnie. Vous devrez fournir à votre nouvelle compagnie les détails suivants : la référence du contrat, le numéro d'immatriculation du véhicule, la date de résiliation ou de changement du contrat, le nom et l'adresse de la compagnie d'assurance, le numéro de téléphone et le fax de la compagnie d'assurance, le nom du titulaire du contrat et sa date de naissance. Ces renseignements permettront à votre nouvelle compagnie d'assurance de mieux vous servir et de s'assurer que vous êtes admissible à des tarifs préférentiels.
<h2>Un document indispensable pour changer dassurance auto</h2>

Le contrat d'assurance est un document indispensable lorsque vous souhaitez changer d'assurance auto. Ce document permet de transférer la couverture d'assurance de votre ancienne assurance à votre nouvelle assurance. Il est important de vérifier ce document avant de signer un nouveau contrat d'assurance afin de vous assurer que toutes les informations sont correctes.
<h3>Le relevé permet de calculer la cotisation</h3>

Le relevé d'information est un document légal qui regroupe tous les antécédents du conducteur. Il est particulièrement précieux pour connaître son coefficient bonus-malus, mais également ses sinistres précédents. Toutes ces informations sont importantes à renseigner lors d'une comparaison d'assurance auto pour obtenir des devis d'assurance auto sur mesure.
<h2>En résumé</h2>
Il existe plusieurs moyens d'obtenir un relevé d'information. On peut se renseigner auprès de sa banque, de sa compagnie d'assurances ou de la Caisse des Dépôts. Il est également possible de le demander directement à l'organisme concerné.

<h2>Vidéo sur le sujet</h2>
https://www.youtube.com/watch?v=-onOD3IgaLQ",,8347
"Lassurance tous risques, la protection auto la plus complète","L'assurance tous risques est la protection auto la plus complète. Elle vous permet de couvrir tous les dommages que vous pourriez causer à autrui, ainsi que les dommages subis par votre véhicule.","Lassurance tous risques est la protection auto la plus complète. Elle couvre tous les dommages que votre voiture pourrait subir, quelle que soit la cause. C'est une assurance idéale si vous êtes soucieux de la sécurité de votre voiture et de votre budget.
<h2>Quest-ce que lassurance tous risques ?</h2>

L'assurance ""tous risques"" est la formule d'assurance automobile la plus complète et la plus protectrice. Elle couvre de nombreux types de sinistres auto, comme les accidents, le vol de voiture, les incendies, les bris de glace, etc. Mais c'est aussi la plus chère des formules. Certains conducteurs privilégient donc les économies plutôt que les garanties d'indemnisation. Pourtant, une formule très protectrice peut parfois éviter bien des désagréments financiers.

En effet, alors que l'assurance ""au tiers"" s'arrête à la garantie responsabilité civile, les contrats ""tous risques"" affichent un niveau de garanties très élevé. Celles-ci couvrent non seulement le conducteur, mais aussi son véhicule.
<h2>Pourquoi choisir une assurance auto tous risques ?</h2>

Il y a de nombreuses raisons de choisir une assurance auto tous risques. En effet, cette assurance vous protège non seulement en cas d'accident, mais aussi en cas de vol ou de vandalisme. De plus, elle vous permet de bénéficier d'une protection juridique en cas de litige. Enfin, elle vous permet de bénéficier d'une assistance 24h/24 en cas de panne ou de crevaison.
<h3>Assurance auto tous risques : la formule la plus choisie par les automobilistes</h3>

Pourquoi choisir une assurance auto tous risques ? Eh bien, tout simplement parce que c'est la formule la plus populaire parmi les automobilistes français. En effet, 47% d'entre eux optent pour cette option. Cela s'explique principalement par le fait que la formule ""tous risques"" permet de couvrir tous les dommages causés à une voiture, quelle que soit la situation. Bien sûr, cette formule d'assurance est un peu plus chère que les autres (au tiers et intermédiaire), mais elle offre une protection complète.
<h2>Une protection maximale garantie</h2>

Une protection maximale garantie

C'est la promesse que nous faisons à nos clients et nous tenons cette promesse. Nous mettons tout en œuvre pour vous offrir la meilleure protection possible contre les virus, les logiciels malveillants et les attaques en ligne. Nos équipes de sécurité travaillent sans relâche pour vous garantir une protection maximale contre les dernières menaces en ligne.
<h3>Les garanties du contrat tous risques</h3>

Les contrats d'assurance auto tous risques offrent une protection maximale en cas d'accident, de dommages corporels, de bris de glace, de vol ou d'incendie du véhicule. La plupart des contrats d'assurance auto comprennent également une assistance en cas de sinistre, ce qui peut être très utile en cas de problème sur la route. Enfin, la protection juridique est souvent incluse dans les contrats d'assurance auto tous risques, ce qui peut être très pratique en cas de litige lié à l'utilisation du véhicule.
<h3>Les garanties optionnelles</h3>

Il est important de conduire de manière responsable. Si un conducteur est impliqué dans un accident sous l'emprise de l'alcool ou de stupéfiants, son assureur peut décider de rompre le contrat. De plus, un conducteur qui cause un accident sans porter sa ceinture de sécurité ne sera pas indemnisé. Certains dommages ne sont pas couverts par les assurances, par exemple les dommages causés par un remorquage ou un mauvais entretien du véhicule.
<h2>Assurance auto tous risques : combien ça coûte ?</h2>

L'assurance tous risques est la formule la plus complète pour assurer sa voiture. Elle offre une protection optimale en cas de sinistre, quelle que soit sa cause. Cependant, cette garantie a un coût : les primes d'assurance tous risques sont en effet les plus élevées. Selon le site LeLynx.fr, en 2021, la prime moyenne s'établissait à 733 euros par an. Cela représente une dépense importante, mais qui peut être nécessaire pour être bien protégé en cas de sinistre.
<h2>Lassurance tous risques et la franchise</h2>

L'assurance tous risques est la protection auto la plus complète. Elle permet de couvrir les dommages causés à une autre personne ou à un bien en cas d'accident. Cependant, il y a une franchise à payer en cas d'accident responsable. Celle-ci est le montant qui restera à charge de l'assuré en cas d'accident sans remboursement par l'assureur. Par exemple, si vous avez une franchise de 400 euros et que vos dommages s'élèvent à 3000 euros, votre assurance vous indemnisera 2600 euros. Si l'accident est responsabilité partagée, la franchise est divisée par 2. Il est donc important de négocier le montant de la franchise avec votre assureur avant de souscrire une assurance auto tous risques. Notez que si vous optez pour une assurance sans franchise, votre prime d'assurance auto sera plus élevée.
<h2>En résumé</h2>
L'assurance tous risques est la protection auto la plus complète. Elle couvre tous les dommages causés à votre véhicule, qu'ils soient causés par un accident, un incendie ou une autre cause. Cette assurance vous protège également contre les dommages causés à d'autres véhicules ou propriétés en cas d'accident. Elle est donc idéale pour les conducteurs qui souhaitent être couverts pour toutes les éventualités.

<h2>Vidéo sur le sujet</h2>
https://www.youtube.com/watch?v=XWi6V1fWKFM",,12359
Quest-ce que lassistance 0 km ?,L'assistance 0 km est un service qui permet aux conducteurs de bénéficier d'une aide en cas de panne ou d'accident. Ce service est souvent inclus dans les contrats d'assurance automobile.,"L'assistance 0 km est une forme d'aide fournie aux automobilistes par les constructeurs automobiles. Elle consiste en un service de dépannage et de remorquage gratuits pour les véhicules en panne ou accidentés. Les constructeurs proposent souvent ce service aux acheteurs de voitures neuves, mais il est également possible de souscrire une assurance 0 km auprès des compagnies d'assurance.
<h2>Une garantie salvatrice</h2>

Les assureurs auto peuvent refuser de dépanner les clients en panne à moins de 50 km de leur domicile. Cela peut être très frustrant lorsque vous êtes en panne et que vous ne pouvez pas obtenir l'aide dont vous avez besoin. Heureusement, certaines compagnies d'assurance proposent une garantie optionnelle appelée ""assistance 0 km"" qui permet d'obtenir une assistance immédiate, quel que soit le lieu du sinistre auto. Cette garantie signe l'abolition de la franchise kilométrique et permet aux clients de bénéficier d'une assistance dans les meilleurs délais, quelle que soit leur situation. Les clients peuvent comparer les différentes assurances auto afin de trouver celle qui leur convient le mieux.
<h2>La prise en charge</h2>

L'assistance 0 km est une prestation qui permet de prendre en charge les frais liés à un accident, une panne mécanique, une crevaison, un vol ou un incendie. Elle peut être souscrite auprès d'une compagnie d'assurance ou d'un organisme spécialisé.

Plusieurs types d'assistance existent, notamment l'assistance au conducteur, l'assistance au véhicule et l'assistance aux passagers. L'assistance au conducteur permet de bénéficier d'un dépannage en cas de panne mécanique ou de carburant. L'assistance au véhicule prend en charge les frais de remorquage et de réparation du véhicule. Enfin, l'assistance aux passagers permet de bénéficier d'un transport en cas d'accident ou de panne du véhicule.

En choisissant l'option d'assistance 0 km, l'assuré est généralement couvert contre les accidents, les pannes mécaniques, les pannes de carburant, les crevaisons, les vols et les incendies. La compagnie d'assurance peut missionner un dépanneur, un taxi ou un véhicule de remplacement le temps des réparations du véhicule.
<h2>En résumé</h2>
L'assistance 0 km est un service de voiture qui consiste à transporter les clients d'un point A à un point B sans frais. Ce service est particulièrement utile pour les personnes qui ne peuvent pas se déplacer par leurs propres moyens ou qui ne veulent pas payer des frais de transport.

<h2>Vidéo sur le sujet</h2>
https://www.youtube.com/watch?v=3XqM8AdY7Ks",,2850
Comment obtenir un relevé dinformation ?,"Avoir un relevé d'information est important pour connaître son historique de crédit. Il existe plusieurs façons d'obtenir son relevé d'information, que ce soit en ligne, par la poste ou en personne.","Des relevés d'informations peuvent être nécessaires pour diverses raisons. Par exemple, vous pouvez avoir besoin d'un relevé bancaire pour justifier des dépenses professionnelles ou personnelles. Heureusement, il est facile d'obtenir un relevé d'informations de la plupart des institutions. Suivez simplement ces étapes et vous aurez ce dont vous avez besoin en un rien de temps.
<h2>Quest-ce que le relevé dinformation ?</h2>

Le relevé d'information est un document qui contient les données personnelles d'un individu. Ces données peuvent inclure le nom, l'adresse, le numéro de téléphone, l'historique de crédit et plus encore. Le relevé d'information est généralement utilisé par les entreprises pour effectuer des vérifications de crédit et de solvabilité.
<h3>Que contient le relevé dinformation ?</h3>

Le relevé d'information est un document qui contient toutes les informations importantes concernant votre contrat d'assurance auto. Il est important de le garder à jour et de le consulter régulièrement, afin de vous assurer que vous êtes toujours bien couverts. Parmi les informations contenues dans le relevé d'information, on retrouve : la date de souscription au contrat d'assurance auto, les conducteurs désignés (nom, prénom, coordonnées, numéro de permis de conduire et date d'obtention), les informations concernant le véhicule (numéro d'immatriculation, modèle, carburant, usage, date de mise en circulation), l'historique des sinistres auto du conducteur (accident de la route, incendie, vol, vandalisme, conduite en état d'ivresse, bris de glace, collision avec un animal sauvage) et la responsabilité du conducteur dans chacun des incidents. Enfin, le relevé d'information contient également des informations sur le bonus-malus du conducteur, c'est-à-dire son coefficient de réduction ou de majoration.
<h2>Comment obtenir le relevé dinformation ? Sous quel délai ?</h2>

Il est facile d'obtenir un relevé d'information. Vous pouvez le demander à votre banque ou en ligne. Le relevé d'information contient les détails de toutes les transactions effectuées sur votre compte. Vous pouvez le recevoir par courrier ou en ligne.
<h3>Quand demander le relevé à lassureur ?</h3>

Il est possible de demander un relevé d'information auprès de sa compagnie d'assurance, afin de connaître son profil en tant qu'assuré. Le relevé d'information est envoyé par voie postale, et il est possible de le demander par téléphone ou par courrier. La compagnie d'assurance ne peut pas refuser de fournir un relevé d'information. Le relevé d'information est directement envoyé au nouvel assureur si le changement d'assurance est effectué dans le cadre de la loi Hamon. Les démarches de résiliation d'assurance auto sont entièrement prises en charge par la nouvelle compagnie.
<h2>Modèle de lettre de demande de relevé dinformation</h2>

Il est important de demander un relevé d'informations avant de résilier ou de changer de contrat d'assurance auto. Cela vous aidera à garder une trace de votre historique avec une compagnie d'assurance et vous fournira des informations importantes si vous choisissez de changer de compagnie. Vous devrez fournir à votre nouvelle compagnie les détails suivants : la référence du contrat, le numéro d'immatriculation du véhicule, la date de résiliation ou de changement du contrat, le nom et l'adresse de la compagnie d'assurance, le numéro de téléphone et le fax de la compagnie d'assurance, le nom du titulaire du contrat et sa date de naissance. Ces renseignements permettront à votre nouvelle compagnie d'assurance de mieux vous servir et de s'assurer que vous êtes admissible à des tarifs préférentiels.
<h2>Un document indispensable pour changer dassurance auto</h2>

Le contrat d'assurance est un document indispensable lorsque vous souhaitez changer d'assurance auto. Ce document permet de transférer la couverture d'assurance de votre ancienne assurance à votre nouvelle assurance. Il est important de vérifier ce document avant de signer un nouveau contrat d'assurance afin de vous assurer que toutes les informations sont correctes.
<h3>Le relevé permet de calculer la cotisation</h3>

Le relevé d'information est un document légal qui regroupe tous les antécédents du conducteur. Il est particulièrement précieux pour connaître son coefficient bonus-malus, mais également ses sinistres précédents. Toutes ces informations sont importantes à renseigner lors d'une comparaison d'assurance auto pour obtenir des devis d'assurance auto sur mesure.
<h2>En résumé</h2>
Il existe plusieurs moyens d'obtenir un relevé d'information. On peut se renseigner auprès de sa banque, de sa compagnie d'assurances ou de la Caisse des Dépôts. Il est également possible de le demander directement à l'organisme concerné.

<h2>Vidéo sur le sujet</h2>
https://www.youtube.com/watch?v=-onOD3IgaLQ",,8347
"Lassurance tous risques, la protection auto la plus complète","L'assurance tous risques est la protection auto la plus complète. Elle vous permet de couvrir tous les dommages que vous pourriez causer à autrui, ainsi que les dommages subis par votre véhicule.","Lassurance tous risques est la protection auto la plus complète. Elle couvre tous les dommages que votre voiture pourrait subir, quelle que soit la cause. C'est une assurance idéale si vous êtes soucieux de la sécurité de votre voiture et de votre budget.
<h2>Quest-ce que lassurance tous risques ?</h2>

L'assurance ""tous risques"" est la formule d'assurance automobile la plus complète et la plus protectrice. Elle couvre de nombreux types de sinistres auto, comme les accidents, le vol de voiture, les incendies, les bris de glace, etc. Mais c'est aussi la plus chère des formules. Certains conducteurs privilégient donc les économies plutôt que les garanties d'indemnisation. Pourtant, une formule très protectrice peut parfois éviter bien des désagréments financiers.

En effet, alors que l'assurance ""au tiers"" s'arrête à la garantie responsabilité civile, les contrats ""tous risques"" affichent un niveau de garanties très élevé. Celles-ci couvrent non seulement le conducteur, mais aussi son véhicule.
<h2>Pourquoi choisir une assurance auto tous risques ?</h2>

Il y a de nombreuses raisons de choisir une assurance auto tous risques. En effet, cette assurance vous protège non seulement en cas d'accident, mais aussi en cas de vol ou de vandalisme. De plus, elle vous permet de bénéficier d'une protection juridique en cas de litige. Enfin, elle vous permet de bénéficier d'une assistance 24h/24 en cas de panne ou de crevaison.
<h3>Assurance auto tous risques : la formule la plus choisie par les automobilistes</h3>

Pourquoi choisir une assurance auto tous risques ? Eh bien, tout simplement parce que c'est la formule la plus populaire parmi les automobilistes français. En effet, 47% d'entre eux optent pour cette option. Cela s'explique principalement par le fait que la formule ""tous risques"" permet de couvrir tous les dommages causés à une voiture, quelle que soit la situation. Bien sûr, cette formule d'assurance est un peu plus chère que les autres (au tiers et intermédiaire), mais elle offre une protection complète.
<h2>Une protection maximale garantie</h2>

Une protection maximale garantie

C'est la promesse que nous faisons à nos clients et nous tenons cette promesse. Nous mettons tout en œuvre pour vous offrir la meilleure protection possible contre les virus, les logiciels malveillants et les attaques en ligne. Nos équipes de sécurité travaillent sans relâche pour vous garantir une protection maximale contre les dernières menaces en ligne.
<h3>Les garanties du contrat tous risques</h3>

Les contrats d'assurance auto tous risques offrent une protection maximale en cas d'accident, de dommages corporels, de bris de glace, de vol ou d'incendie du véhicule. La plupart des contrats d'assurance auto comprennent également une assistance en cas de sinistre, ce qui peut être très utile en cas de problème sur la route. Enfin, la protection juridique est souvent incluse dans les contrats d'assurance auto tous risques, ce qui peut être très pratique en cas de litige lié à l'utilisation du véhicule.
<h3>Les garanties optionnelles</h3>

Il est important de conduire de manière responsable. Si un conducteur est impliqué dans un accident sous l'emprise de l'alcool ou de stupéfiants, son assureur peut décider de rompre le contrat. De plus, un conducteur qui cause un accident sans porter sa ceinture de sécurité ne sera pas indemnisé. Certains dommages ne sont pas couverts par les assurances, par exemple les dommages causés par un remorquage ou un mauvais entretien du véhicule.
<h2>Assurance auto tous risques : combien ça coûte ?</h2>

L'assurance tous risques est la formule la plus complète pour assurer sa voiture. Elle offre une protection optimale en cas de sinistre, quelle que soit sa cause. Cependant, cette garantie a un coût : les primes d'assurance tous risques sont en effet les plus élevées. Selon le site LeLynx.fr, en 2021, la prime moyenne s'établissait à 733 euros par an. Cela représente une dépense importante, mais qui peut être nécessaire pour être bien protégé en cas de sinistre.
<h2>Lassurance tous risques et la franchise</h2>

L'assurance tous risques est la protection auto la plus complète. Elle permet de couvrir les dommages causés à une autre personne ou à un bien en cas d'accident. Cependant, il y a une franchise à payer en cas d'accident responsable. Celle-ci est le montant qui restera à charge de l'assuré en cas d'accident sans remboursement par l'assureur. Par exemple, si vous avez une franchise de 400 euros et que vos dommages s'élèvent à 3000 euros, votre assurance vous indemnisera 2600 euros. Si l'accident est responsabilité partagée, la franchise est divisée par 2. Il est donc important de négocier le montant de la franchise avec votre assureur avant de souscrire une assurance auto tous risques. Notez que si vous optez pour une assurance sans franchise, votre prime d'assurance auto sera plus élevée.
<h2>En résumé</h2>
L'assurance tous risques est la protection auto la plus complète. Elle couvre tous les dommages causés à votre véhicule, qu'ils soient causés par un accident, un incendie ou une autre cause. Cette assurance vous protège également contre les dommages causés à d'autres véhicules ou propriétés en cas d'accident. Elle est donc idéale pour les conducteurs qui souhaitent être couverts pour toutes les éventualités.

<h2>Vidéo sur le sujet</h2>
https://www.youtube.com/watch?v=XWi6V1fWKFM",,12359
Achat dune voiture doccasion : les formalités administratives,"Pour acheter une voiture d'occasion, vous devez accomplir certaines formalités administratives. Ces dernières peuvent être réalisées en ligne ou auprès de votre concessionnaire.","On vous dit tout !

Si vous envisagez de faire l'achat d'une voiture d'occasion, il y a certaines formalités administratives que vous devrez accomplir. Ces formalités sont notamment liées à la carte grise et au contrôle technique. Dans cet article, nous vous expliquons tout ce que vous devez savoir sur les formalités administratives à accomplir lorsque vous achetez une voiture d'occasion.
<h2>Récupérer les papiers de la voiture</h2>

Avant de finaliser l'achat d'une voiture d'occasion, il est important de s'assurer que vous avez tous les documents administratifs nécessaires. Ces documents sont indispensables pour effectuer une demande de carte grise et souscrire une assurance automobile.

Il est important de comparer les différentes offres d'assurance avant de prendre votre décision. Assurez-vous de bien comprendre les différentes options et de choisir celle qui vous convient le mieux.
<h2>Achat dune voiture doccasion : quelles sont les démarches ?</h2>

Vous avez décidé d'acheter une voiture doccasion. Toutefois, avant de signer un contrat, il est important de connaître les différentes démarches à entreprendre. Dans cet article, nous vous proposons une check-list des différentes étapes à suivre pour réussir votre achat.

1- Préparer son budget

Avant toute chose, il est important de préparer un budget en fonction de vos revenus et de vos charges mensuelles. Cela vous permettra d'évaluer le montant que vous pouvez consacrer à l'achat d'une voiture doccasion.

2- Définir ses besoins

Une fois votre budget établi, il est important de définir vos besoins en termes de taille, de consommation, de confort, etc. Cela vous permettra de cibler les modèles qui correspondent le mieux à vos attentes.

3- Faire des recherches

Une fois vos critères définis, il est temps de faire des recherches sur internet ou dans les petites annonces. Cela vous permettra de comparer les différents modèles et leurs prix.

4- Prendre rendez-vous pour une visite

Une fois que vous avez trouvé la voiture doccasion qui vous intéresse, prenez rendez-vous pour une visite chez le vendeur afin de voir le véhicule en personne.

5- Essayer la voiture

Lors de la visite, n'hésitez pas à essayer la voiture sur différents types de terrain (routier, urbain, etc.) afin de vérifier son comportement et ses performances.
<h3>Le certificat dimmatriculation</h3>

Le certificat d'immatriculation, anciennement appelé carte grise, est considéré comme étant la carte d'identité du véhicule. Cela signifie que lorsque vous achetez une voiture d'occasion, il est important de vous assurer que le certificat d'immatriculation est en règle. Ce document doit donc être barré et porter la mention ""Vendu le"" suivie de la signature du vendeur.

Pour les cartes grises datant d'avant 2004, il faut découper le coin en haut à droite portant la mention ""Partie à découper lors de la cession du véhicule"" et le remettre au nouveau propriétaire. Sur les certificats récents, la partie haute possède les mentions nécessaires à la vente. Ce coupon détachable permet de circuler un mois, le temps de faire une nouvelle demande de carte grise. Celle-ci doit être faite au plus vite !
<h3>Le certificat de vente</h3>

Le certificat de vente est un document important lorsqu'on achète une voiture d'occasion. Il sert de contrat entre le vendeur et l'acheteur et mentionne les spécificités de la voiture, y compris le kilométrage au compteur et la date de vente. Il est important de garder un exemplaire du certificat de vente pour prouver qu'on a bien acheté la voiture.
<h3>Le certificat de situation administrative</h3>

Le certificat de situation administrative est un document très important lorsqu'on achète une voiture d'occasion. En effet, il permet de vérifier que le véhicule n'est ni en gage, ni volé et que son utilisation n'est pas restreinte par un organisme tiers. C'est donc une sécurité pour l'acheteur, qui peut ainsi circuler légalement.
<h3>Le procès verbal du contrôle technique</h3>

Lors de l'achat d'une voiture d'occasion, il est important de vérifier que le contrôle technique a été effectué dans les 6 mois précédant la vente. En effet, ce document est obligatoire pour les voitures de 4 ans ou plus et doit être valide lors de la demande de carte grise. Si une contre-visite a été nécessaire, le document doit dater de moins de 2 mois.

L'acheteur peut également exiger le carnet d'entretien du véhicule et la notice complète du constructeur. Ces documents ne sont pas obligatoires, mais donnent une idée précise de l'entretien à apporter à la voiture d'occasion.
<h2>Achat doccasion : souscrire une assurance auto</h2>

Les voitures d'occasion sont une bonne alternative aux modèles neufs, moins chers à l'achat. Toutefois, il est important de souscrire une assurance auto adaptée car elles sont plus susceptibles de tomber en panne. La garantie automobile permet de couvrir les frais de réparation en cas de sinistre.
<h3>Comparer les assurances auto pour une occasion</h3>

Il est judicieux de comparer les assurances auto avant de souscrire une police d'assurance. En effet, les tarifs d'assurance varient selon les assureurs et il est important de trouver la meilleure offre pour économiser de l'argent. De plus, le montant de la prime d'assurance dépend du véhicule assuré et il est important de prendre cela en compte lors du choix de votre assurance. Il y a plusieurs facteurs qui entrent en compte dans le calcul du tarif d'assurance (âge du conducteur, bonus-malus, etc.) et il est donc important de bien comparer les offres avant de choisir. Il existe des assurances pas chères pour les véhicules d'occasion et il est possible de diminuer le montant de sa prime d'assurance en prenant certaines mesures (garage fermé, conduite accompagnée, etc.). Certaines garanties sont obligatoires ( responsabilité civile), d'autres facultatives.
<h2>Comment obtenir un certificat dimmatriculation ?</h2>

Dans la plupart des cas, vous aurez besoin d'un certificat d'immatriculation pour pouvoir conduire un véhicule sur les routes françaises. Heureusement, il est relativement simple d'obtenir ce document. Voici comment procéder :
<h3>Où faire sa demande de carte grise ?</h3>

Pour obtenir une carte grise pour votre voiture d'occasion, il faut vous rendre sur service-public.fr, dans un point d'accueil numérique en préfecture ou sous-préfecture, ou chez un professionnel de l'automobile habilité. Des frais peuvent être facturés par le professionnel. Le coût de la démarche et le délai d'envoi du certificat d'immatriculation varient selon les zones géographiques et la puissance de la voiture.
<h2>En résumé</h2>
Il est important de se renseigner sur les formalités administratives liées à l'achat d'une voiture d'occasion avant de conclure une vente. Ces formalités peuvent varier d'un pays à l'autre, et il est donc crucial de se renseigner auprès des autorités compétentes avant de procéder à l'achat. En outre, il est recommandé de demander conseil à un professionnel de l'automobile avant de finaliser l'achat, afin d'être sûr de faire une bonne affaire.

<h2>Vidéo sur le sujet</h2>
https://www.youtube.com/watch?v=st-h8wU_zFU",,12512
Quest-ce que lassistance 0 km ?,L'assistance 0 km est un service qui permet aux conducteurs de bénéficier d'une aide en cas de panne ou d'accident. Ce service est souvent inclus dans les contrats d'assurance automobile.,"L'assistance 0 km est une forme d'aide fournie aux automobilistes par les constructeurs automobiles. Elle consiste en un service de dépannage et de remorquage gratuits pour les véhicules en panne ou accidentés. Les constructeurs proposent souvent ce service aux acheteurs de voitures neuves, mais il est également possible de souscrire une assurance 0 km auprès des compagnies d'assurance.
<h2>Une garantie salvatrice</h2>

Les assureurs auto peuvent refuser de dépanner les clients en panne à moins de 50 km de leur domicile. Cela peut être très frustrant lorsque vous êtes en panne et que vous ne pouvez pas obtenir l'aide dont vous avez besoin. Heureusement, certaines compagnies d'assurance proposent une garantie optionnelle appelée ""assistance 0 km"" qui permet d'obtenir une assistance immédiate, quel que soit le lieu du sinistre auto. Cette garantie signe l'abolition de la franchise kilométrique et permet aux clients de bénéficier d'une assistance dans les meilleurs délais, quelle que soit leur situation. Les clients peuvent comparer les différentes assurances auto afin de trouver celle qui leur convient le mieux.
<h2>La prise en charge</h2>

L'assistance 0 km est une prestation qui permet de prendre en charge les frais liés à un accident, une panne mécanique, une crevaison, un vol ou un incendie. Elle peut être souscrite auprès d'une compagnie d'assurance ou d'un organisme spécialisé.

Plusieurs types d'assistance existent, notamment l'assistance au conducteur, l'assistance au véhicule et l'assistance aux passagers. L'assistance au conducteur permet de bénéficier d'un dépannage en cas de panne mécanique ou de carburant. L'assistance au véhicule prend en charge les frais de remorquage et de réparation du véhicule. Enfin, l'assistance aux passagers permet de bénéficier d'un transport en cas d'accident ou de panne du véhicule.

En choisissant l'option d'assistance 0 km, l'assuré est généralement couvert contre les accidents, les pannes mécaniques, les pannes de carburant, les crevaisons, les vols et les incendies. La compagnie d'assurance peut missionner un dépanneur, un taxi ou un véhicule de remplacement le temps des réparations du véhicule.
<h2>En résumé</h2>
L'assistance 0 km est un service de voiture qui consiste à transporter les clients d'un point A à un point B sans frais. Ce service est particulièrement utile pour les personnes qui ne peuvent pas se déplacer par leurs propres moyens ou qui ne veulent pas payer des frais de transport.

<h2>Vidéo sur le sujet</h2>
https://www.youtube.com/watch?v=3XqM8AdY7Ks",,2850
Comment obtenir un relevé dinformation ?,"Avoir un relevé d'information est important pour connaître son historique de crédit. Il existe plusieurs façons d'obtenir son relevé d'information, que ce soit en ligne, par la poste ou en personne.","Des relevés d'informations peuvent être nécessaires pour diverses raisons. Par exemple, vous pouvez avoir besoin d'un relevé bancaire pour justifier des dépenses professionnelles ou personnelles. Heureusement, il est facile d'obtenir un relevé d'informations de la plupart des institutions. Suivez simplement ces étapes et vous aurez ce dont vous avez besoin en un rien de temps.
<h2>Quest-ce que le relevé dinformation ?</h2>

Le relevé d'information est un document qui contient les données personnelles d'un individu. Ces données peuvent inclure le nom, l'adresse, le numéro de téléphone, l'historique de crédit et plus encore. Le relevé d'information est généralement utilisé par les entreprises pour effectuer des vérifications de crédit et de solvabilité.
<h3>Que contient le relevé dinformation ?</h3>

Le relevé d'information est un document qui contient toutes les informations importantes concernant votre contrat d'assurance auto. Il est important de le garder à jour et de le consulter régulièrement, afin de vous assurer que vous êtes toujours bien couverts. Parmi les informations contenues dans le relevé d'information, on retrouve : la date de souscription au contrat d'assurance auto, les conducteurs désignés (nom, prénom, coordonnées, numéro de permis de conduire et date d'obtention), les informations concernant le véhicule (numéro d'immatriculation, modèle, carburant, usage, date de mise en circulation), l'historique des sinistres auto du conducteur (accident de la route, incendie, vol, vandalisme, conduite en état d'ivresse, bris de glace, collision avec un animal sauvage) et la responsabilité du conducteur dans chacun des incidents. Enfin, le relevé d'information contient également des informations sur le bonus-malus du conducteur, c'est-à-dire son coefficient de réduction ou de majoration.
<h2>Comment obtenir le relevé dinformation ? Sous quel délai ?</h2>

Il est facile d'obtenir un relevé d'information. Vous pouvez le demander à votre banque ou en ligne. Le relevé d'information contient les détails de toutes les transactions effectuées sur votre compte. Vous pouvez le recevoir par courrier ou en ligne.
<h3>Quand demander le relevé à lassureur ?</h3>

Il est possible de demander un relevé d'information auprès de sa compagnie d'assurance, afin de connaître son profil en tant qu'assuré. Le relevé d'information est envoyé par voie postale, et il est possible de le demander par téléphone ou par courrier. La compagnie d'assurance ne peut pas refuser de fournir un relevé d'information. Le relevé d'information est directement envoyé au nouvel assureur si le changement d'assurance est effectué dans le cadre de la loi Hamon. Les démarches de résiliation d'assurance auto sont entièrement prises en charge par la nouvelle compagnie.
<h2>Modèle de lettre de demande de relevé dinformation</h2>

Il est important de demander un relevé d'informations avant de résilier ou de changer de contrat d'assurance auto. Cela vous aidera à garder une trace de votre historique avec une compagnie d'assurance et vous fournira des informations importantes si vous choisissez de changer de compagnie. Vous devrez fournir à votre nouvelle compagnie les détails suivants : la référence du contrat, le numéro d'immatriculation du véhicule, la date de résiliation ou de changement du contrat, le nom et l'adresse de la compagnie d'assurance, le numéro de téléphone et le fax de la compagnie d'assurance, le nom du titulaire du contrat et sa date de naissance. Ces renseignements permettront à votre nouvelle compagnie d'assurance de mieux vous servir et de s'assurer que vous êtes admissible à des tarifs préférentiels.
<h2>Un document indispensable pour changer dassurance auto</h2>

Le contrat d'assurance est un document indispensable lorsque vous souhaitez changer d'assurance auto. Ce document permet de transférer la couverture d'assurance de votre ancienne assurance à votre nouvelle assurance. Il est important de vérifier ce document avant de signer un nouveau contrat d'assurance afin de vous assurer que toutes les informations sont correctes.
<h3>Le relevé permet de calculer la cotisation</h3>

Le relevé d'information est un document légal qui regroupe tous les antécédents du conducteur. Il est particulièrement précieux pour connaître son coefficient bonus-malus, mais également ses sinistres précédents. Toutes ces informations sont importantes à renseigner lors d'une comparaison d'assurance auto pour obtenir des devis d'assurance auto sur mesure.
<h2>En résumé</h2>
Il existe plusieurs moyens d'obtenir un relevé d'information. On peut se renseigner auprès de sa banque, de sa compagnie d'assurances ou de la Caisse des Dépôts. Il est également possible de le demander directement à l'organisme concerné.

<h2>Vidéo sur le sujet</h2>
https://www.youtube.com/watch?v=-onOD3IgaLQ",,8347
"Lassurance tous risques, la protection auto la plus complète","L'assurance tous risques est la protection auto la plus complète. Elle vous permet de couvrir tous les dommages que vous pourriez causer à autrui, ainsi que les dommages subis par votre véhicule.","Lassurance tous risques est la protection auto la plus complète. Elle couvre tous les dommages que votre voiture pourrait subir, quelle que soit la cause. C'est une assurance idéale si vous êtes soucieux de la sécurité de votre voiture et de votre budget.
<h2>Quest-ce que lassurance tous risques ?</h2>

L'assurance ""tous risques"" est la formule d'assurance automobile la plus complète et la plus protectrice. Elle couvre de nombreux types de sinistres auto, comme les accidents, le vol de voiture, les incendies, les bris de glace, etc. Mais c'est aussi la plus chère des formules. Certains conducteurs privilégient donc les économies plutôt que les garanties d'indemnisation. Pourtant, une formule très protectrice peut parfois éviter bien des désagréments financiers.

En effet, alors que l'assurance ""au tiers"" s'arrête à la garantie responsabilité civile, les contrats ""tous risques"" affichent un niveau de garanties très élevé. Celles-ci couvrent non seulement le conducteur, mais aussi son véhicule.
<h2>Pourquoi choisir une assurance auto tous risques ?</h2>

Il y a de nombreuses raisons de choisir une assurance auto tous risques. En effet, cette assurance vous protège non seulement en cas d'accident, mais aussi en cas de vol ou de vandalisme. De plus, elle vous permet de bénéficier d'une protection juridique en cas de litige. Enfin, elle vous permet de bénéficier d'une assistance 24h/24 en cas de panne ou de crevaison.
<h3>Assurance auto tous risques : la formule la plus choisie par les automobilistes</h3>

Pourquoi choisir une assurance auto tous risques ? Eh bien, tout simplement parce que c'est la formule la plus populaire parmi les automobilistes français. En effet, 47% d'entre eux optent pour cette option. Cela s'explique principalement par le fait que la formule ""tous risques"" permet de couvrir tous les dommages causés à une voiture, quelle que soit la situation. Bien sûr, cette formule d'assurance est un peu plus chère que les autres (au tiers et intermédiaire), mais elle offre une protection complète.
<h2>Une protection maximale garantie</h2>

Une protection maximale garantie

C'est la promesse que nous faisons à nos clients et nous tenons cette promesse. Nous mettons tout en œuvre pour vous offrir la meilleure protection possible contre les virus, les logiciels malveillants et les attaques en ligne. Nos équipes de sécurité travaillent sans relâche pour vous garantir une protection maximale contre les dernières menaces en ligne.
<h3>Les garanties du contrat tous risques</h3>

Les contrats d'assurance auto tous risques offrent une protection maximale en cas d'accident, de dommages corporels, de bris de glace, de vol ou d'incendie du véhicule. La plupart des contrats d'assurance auto comprennent également une assistance en cas de sinistre, ce qui peut être très utile en cas de problème sur la route. Enfin, la protection juridique est souvent incluse dans les contrats d'assurance auto tous risques, ce qui peut être très pratique en cas de litige lié à l'utilisation du véhicule.
<h3>Les garanties optionnelles</h3>

Il est important de conduire de manière responsable. Si un conducteur est impliqué dans un accident sous l'emprise de l'alcool ou de stupéfiants, son assureur peut décider de rompre le contrat. De plus, un conducteur qui cause un accident sans porter sa ceinture de sécurité ne sera pas indemnisé. Certains dommages ne sont pas couverts par les assurances, par exemple les dommages causés par un remorquage ou un mauvais entretien du véhicule.
<h2>Assurance auto tous risques : combien ça coûte ?</h2>

L'assurance tous risques est la formule la plus complète pour assurer sa voiture. Elle offre une protection optimale en cas de sinistre, quelle que soit sa cause. Cependant, cette garantie a un coût : les primes d'assurance tous risques sont en effet les plus élevées. Selon le site LeLynx.fr, en 2021, la prime moyenne s'établissait à 733 euros par an. Cela représente une dépense importante, mais qui peut être nécessaire pour être bien protégé en cas de sinistre.
<h2>Lassurance tous risques et la franchise</h2>

L'assurance tous risques est la protection auto la plus complète. Elle permet de couvrir les dommages causés à une autre personne ou à un bien en cas d'accident. Cependant, il y a une franchise à payer en cas d'accident responsable. Celle-ci est le montant qui restera à charge de l'assuré en cas d'accident sans remboursement par l'assureur. Par exemple, si vous avez une franchise de 400 euros et que vos dommages s'élèvent à 3000 euros, votre assurance vous indemnisera 2600 euros. Si l'accident est responsabilité partagée, la franchise est divisée par 2. Il est donc important de négocier le montant de la franchise avec votre assureur avant de souscrire une assurance auto tous risques. Notez que si vous optez pour une assurance sans franchise, votre prime d'assurance auto sera plus élevée.
<h2>En résumé</h2>
L'assurance tous risques est la protection auto la plus complète. Elle couvre tous les dommages causés à votre véhicule, qu'ils soient causés par un accident, un incendie ou une autre cause. Cette assurance vous protège également contre les dommages causés à d'autres véhicules ou propriétés en cas d'accident. Elle est donc idéale pour les conducteurs qui souhaitent être couverts pour toutes les éventualités.

<h2>Vidéo sur le sujet</h2>
https://www.youtube.com/watch?v=XWi6V1fWKFM",,12359
Achat dune voiture doccasion : les formalités administratives,"Pour acheter une voiture d'occasion, vous devez accomplir certaines formalités administratives. Ces dernières peuvent être réalisées en ligne ou auprès de votre concessionnaire.","On vous dit tout !

Si vous envisagez de faire l'achat d'une voiture d'occasion, il y a certaines formalités administratives que vous devrez accomplir. Ces formalités sont notamment liées à la carte grise et au contrôle technique. Dans cet article, nous vous expliquons tout ce que vous devez savoir sur les formalités administratives à accomplir lorsque vous achetez une voiture d'occasion.
<h2>Récupérer les papiers de la voiture</h2>

Avant de finaliser l'achat d'une voiture d'occasion, il est important de s'assurer que vous avez tous les documents administratifs nécessaires. Ces documents sont indispensables pour effectuer une demande de carte grise et souscrire une assurance automobile.

Il est important de comparer les différentes offres d'assurance avant de prendre votre décision. Assurez-vous de bien comprendre les différentes options et de choisir celle qui vous convient le mieux.
<h2>Achat dune voiture doccasion : quelles sont les démarches ?</h2>

Vous avez décidé d'acheter une voiture doccasion. Toutefois, avant de signer un contrat, il est important de connaître les différentes démarches à entreprendre. Dans cet article, nous vous proposons une check-list des différentes étapes à suivre pour réussir votre achat.

1- Préparer son budget

Avant toute chose, il est important de préparer un budget en fonction de vos revenus et de vos charges mensuelles. Cela vous permettra d'évaluer le montant que vous pouvez consacrer à l'achat d'une voiture doccasion.

2- Définir ses besoins

Une fois votre budget établi, il est important de définir vos besoins en termes de taille, de consommation, de confort, etc. Cela vous permettra de cibler les modèles qui correspondent le mieux à vos attentes.

3- Faire des recherches

Une fois vos critères définis, il est temps de faire des recherches sur internet ou dans les petites annonces. Cela vous permettra de comparer les différents modèles et leurs prix.

4- Prendre rendez-vous pour une visite

Une fois que vous avez trouvé la voiture doccasion qui vous intéresse, prenez rendez-vous pour une visite chez le vendeur afin de voir le véhicule en personne.

5- Essayer la voiture

Lors de la visite, n'hésitez pas à essayer la voiture sur différents types de terrain (routier, urbain, etc.) afin de vérifier son comportement et ses performances.
<h3>Le certificat dimmatriculation</h3>

Le certificat d'immatriculation, anciennement appelé carte grise, est considéré comme étant la carte d'identité du véhicule. Cela signifie que lorsque vous achetez une voiture d'occasion, il est important de vous assurer que le certificat d'immatriculation est en règle. Ce document doit donc être barré et porter la mention ""Vendu le"" suivie de la signature du vendeur.

Pour les cartes grises datant d'avant 2004, il faut découper le coin en haut à droite portant la mention ""Partie à découper lors de la cession du véhicule"" et le remettre au nouveau propriétaire. Sur les certificats récents, la partie haute possède les mentions nécessaires à la vente. Ce coupon détachable permet de circuler un mois, le temps de faire une nouvelle demande de carte grise. Celle-ci doit être faite au plus vite !
<h3>Le certificat de vente</h3>

Le certificat de vente est un document important lorsqu'on achète une voiture d'occasion. Il sert de contrat entre le vendeur et l'acheteur et mentionne les spécificités de la voiture, y compris le kilométrage au compteur et la date de vente. Il est important de garder un exemplaire du certificat de vente pour prouver qu'on a bien acheté la voiture.
<h3>Le certificat de situation administrative</h3>

Le certificat de situation administrative est un document très important lorsqu'on achète une voiture d'occasion. En effet, il permet de vérifier que le véhicule n'est ni en gage, ni volé et que son utilisation n'est pas restreinte par un organisme tiers. C'est donc une sécurité pour l'acheteur, qui peut ainsi circuler légalement.
<h3>Le procès verbal du contrôle technique</h3>

Lors de l'achat d'une voiture d'occasion, il est important de vérifier que le contrôle technique a été effectué dans les 6 mois précédant la vente. En effet, ce document est obligatoire pour les voitures de 4 ans ou plus et doit être valide lors de la demande de carte grise. Si une contre-visite a été nécessaire, le document doit dater de moins de 2 mois.

L'acheteur peut également exiger le carnet d'entretien du véhicule et la notice complète du constructeur. Ces documents ne sont pas obligatoires, mais donnent une idée précise de l'entretien à apporter à la voiture d'occasion.
<h2>Achat doccasion : souscrire une assurance auto</h2>

Les voitures d'occasion sont une bonne alternative aux modèles neufs, moins chers à l'achat. Toutefois, il est important de souscrire une assurance auto adaptée car elles sont plus susceptibles de tomber en panne. La garantie automobile permet de couvrir les frais de réparation en cas de sinistre.
<h3>Comparer les assurances auto pour une occasion</h3>

Il est judicieux de comparer les assurances auto avant de souscrire une police d'assurance. En effet, les tarifs d'assurance varient selon les assureurs et il est important de trouver la meilleure offre pour économiser de l'argent. De plus, le montant de la prime d'assurance dépend du véhicule assuré et il est important de prendre cela en compte lors du choix de votre assurance. Il y a plusieurs facteurs qui entrent en compte dans le calcul du tarif d'assurance (âge du conducteur, bonus-malus, etc.) et il est donc important de bien comparer les offres avant de choisir. Il existe des assurances pas chères pour les véhicules d'occasion et il est possible de diminuer le montant de sa prime d'assurance en prenant certaines mesures (garage fermé, conduite accompagnée, etc.). Certaines garanties sont obligatoires ( responsabilité civile), d'autres facultatives.
<h2>Comment obtenir un certificat dimmatriculation ?</h2>

Dans la plupart des cas, vous aurez besoin d'un certificat d'immatriculation pour pouvoir conduire un véhicule sur les routes françaises. Heureusement, il est relativement simple d'obtenir ce document. Voici comment procéder :
<h3>Où faire sa demande de carte grise ?</h3>

Pour obtenir une carte grise pour votre voiture d'occasion, il faut vous rendre sur service-public.fr, dans un point d'accueil numérique en préfecture ou sous-préfecture, ou chez un professionnel de l'automobile habilité. Des frais peuvent être facturés par le professionnel. Le coût de la démarche et le délai d'envoi du certificat d'immatriculation varient selon les zones géographiques et la puissance de la voiture.
<h2>En résumé</h2>
Il est important de se renseigner sur les formalités administratives liées à l'achat d'une voiture d'occasion avant de conclure une vente. Ces formalités peuvent varier d'un pays à l'autre, et il est donc crucial de se renseigner auprès des autorités compétentes avant de procéder à l'achat. En outre, il est recommandé de demander conseil à un professionnel de l'automobile avant de finaliser l'achat, afin d'être sûr de faire une bonne affaire.

<h2>Vidéo sur le sujet</h2>
https://www.youtube.com/watch?v=st-h8wU_zFU",,12512
Le diagnostic auto : comment faire et combien ça coûte ?,Le diagnostic auto est nécessaire pour vérifier l'état général de votre voiture. Cela peut vous aider à repérer les problèmes avant qu'ils ne deviennent graves et à éviter les coûts de réparation inutiles.,"Le diagnostic auto est une procédure qui permet de vérifier l'état du véhicule et de détecter les éventuels problèmes. Il est important de faire un diagnostic régulièrement, afin de prévenir les accidents et les pannes. Le diagnostic auto peut être fait dans un garage agréé, par un professionnel qualifié. Il est important de savoir combien cela coûte, afin de budgétiser cette dépense.
<h2>Quest-ce quun diagnostic auto ?</h2>

Le diagnostic auto est une procédure qui permet d'identifier un éventuel problème sur votre véhicule. Vous pouvez demander un diagnostic lorsque vous soupçonnez une panne ou un dysfonctionnement. Avec une valise de diagnostic auto, le mécanicien peut identifier le problème subi par votre véhicule. Il pourra ensuite vous proposer des solutions pour le réparer.
<h2>Pourquoi faire un diagnostic auto ?</h2>

Lorsque vous possédez un véhicule, il est important de réaliser régulièrement un diagnostic auto. En effet, cela permet d'éviter tout accident de la circulation ou tout simplement de subir une panne. Voici quelques situations qui doivent vous conduire à effectuer un diagnostic auto : un voyant s'allume sur votre tableau de bord, votre véhicule produit un vrombissement constant, des cliquetis, ou tout autre son inhabituel, vous constatez un son bruyant au moment du freinage, ou encore vous avez du mal à démarrer votre véhicule et devez vous y prendre à plusieurs reprises. Si vous rencontrez l'un ou plusieurs de ces symptômes problématiques, il est important de consulter un spécialiste.
<h2>Quels sont les différents types de diagnostics ?</h2>

Les diagnostics immobiliers permettent de déterminer les éventuels risques et désordres présents dans un bâtiment. Ils sont obligatoires avant toute transaction immobilière et peuvent être réalisés par des professionnels certifiés. Il existe différents types de diagnostics, notamment le diagnostic de performance énergétique (DPE), le diagnostic de l'état des risques naturels, miniers et technologiques (ERNMT) et le diagnostic amiante.
<h3>Le diagnostic automatique</h3>

Le diagnostic automatique est un outil utile pour les mécaniciens. Il permet de détecter et d'analyser les problèmes sur le véhicule. Le mécanicien branche la valise sur le calculateur du véhicule pour récupérer tous les codes d'erreur. Une simple mise à jour du logiciel du véhicule peut souvent résoudre les problèmes électroniques.
<h3>Le diagnostic manuel</h3>

Le diagnostic manuel est un processus de diagnostic utilisé par les mécaniciens pour trouver la cause d'un problème. Ce type de diagnostic est généralement effectué après que le diagnostic automatique n'a pas donné de résultats concluants. Le diagnostic manuel est plus long et nécessite une expertise particulière, mais il est généralement plus précis que le diagnostic automatique.
<h3>Le diagnostic intégral</h3>

Lors d'un diagnostic intégral, on vérifie l'ensemble des éléments nécessaires au bon fonctionnement d'un véhicule. Il s'agit souvent d'une combinaison de diagnostic automatique et manuel. On contrôle alors les pneumatiques avant/arrière, y compris la pression et l'usure des pneus. De même, on s'assure du bon état des amortisseurs avant et arrière. Les feux de signalisation doivent également être en bon état de fonctionnement. Enfin, on contrôle l'état des plaques d'immatriculation, du pare-brise, du filtre d'habitacle et du filtre à air.
<h2>Comment faire un diagnostic auto ?</h2>

Avez-vous déjà eu à faire un diagnostic auto ? Si oui, vous savez que cela peut être une tâche fastidieuse. Et si vous n'avez jamais fait de diagnostic auto, vous vous demandez probablement comment procéder. Ne vous inquiétez pas, nous allons vous expliquer comment faire un diagnostic auto étape par étape.
<h3>Le diagnostic auto en garage</h3>

Pour effectuer un diagnostic auto, il faut se rendre chez un garagiste. Le garagiste est un spécialiste des réparations automobile. Le diagnostic auto est composé de 5 grandes étapes. 

La première étape du diagnostic auto est l'analyse de la panne. Le mécanicien procède au diagnostic à l'aide de la valise. Le mécanicien vous propose les réparations nécessaires à la remise en état de votre véhicule. 

Le mécanicien procède, sur votre accord, aux réparations et au remplacement éventuel des pièces. Une fois les réparations effectuées, le mécanicien vérifie que votre véhicule fonctionne correctement.
<h3>Peut-on faire un diagnostic auto soi-même ?</h3>

Il existe différents types d'outils de diagnostic pour les voitures. Il est important de trouver un boîtier multimarque qui fonctionne avec tous les types de véhicules. Le fait de diagnostiquer vous-même votre voiture peut vous faire économiser sur le coût du diagnostic. Cependant, vous ne pourrez réellement économiser que si vous êtes capable de faire les réparations nécessaires vous-même. En effet, ce sont souvent les réparations qui ont un prix élevé. Si vous avez de l'expérience en mécanique, vous pourrez effectuer de nombreuses réparations par vous-même et ainsi éviter les frais élevés.
<h2>Combien coûte un diagnostic auto ?</h2>

Le diagnostic auto est une procédure relativement simple et peu coûteuse qui permet de détecter les éventuels problèmes de fonctionnement d'un véhicule. Il est important de procéder à un diagnostic régulier de son véhicule, afin d'éviter tout risque de panne ou de dysfonctionnement en cours de route. Le prix d'un diagnostic auto est compris entre 50 et 200 euros, selon le type de véhicule et le niveau de prestation souhaité. Il existe des solutions économiques de diagnostic ciblant une seule zone du véhicule, moins chères et pratiques si on sait déjà quelle partie du véhicule est touchée par un dysfonctionnement. Pour les prix de la valise de diagnostic, comptez entre 150 et 1000 euros pour un modèle plus élaboré. Acheter une valise est donc une solution rentable sur le long terme, à condition bien sûr de savoir manipuler cet outil et traiter les informations qu'il donne.
<h2>En résumé</h2>
Le diagnostic auto est une procedure relativement simple et peu couteuse. Cependant, il est important de se assurer que le mechanicien est qualifie et qu'il dispose des outils appropries. De plus, il faut s'assurer que le véhicule est bien entretenu et qu'il n'y a pas de problèmes avant de commencer le diagnostic.

<h2>Vidéo sur le sujet</h2>
https://www.youtube.com/watch?v=WEGoZnIfKNc",,13938
